"LSOA11CD","MSOA11CD","MSOA11NM","LSOA11NM","PCN_Code","PCN_Name"
"E01031376","E02006540","Adur 007","Adur 007C","U87478","Lancing and Sompting PCN"
"E01031379","E02006541","Adur 008","Adur 008E","U87478","Lancing and Sompting PCN"
"E01031378","E02006540","Adur 007","Adur 007D","U87478","Lancing and Sompting PCN"
"E01031356","E02006538","Adur 005","Adur 005A","U37037","Shoreham and Southwick PCN"
"E01031377","E02006541","Adur 008","Adur 008D","U87478","Lancing and Sompting PCN"
"E01031364","E02006538","Adur 005","Adur 005C","U37037","Shoreham and Southwick PCN"
"E01031382","E02006559","Arun 018","Arun 018C","U08235","Regis Healthcare PCN"
"E01031381","E02006559","Arun 018","Arun 018B","U08235","Regis Healthcare PCN"
"E01031380","E02006559","Arun 018","Arun 018A","U08235","Regis Healthcare PCN"
"E01031385","E02006560","Arun 019","Arun 019A","U08235","Regis Healthcare PCN"
"E01031365","E02006535","Adur 002","Adur 002D","U37037","Shoreham and Southwick PCN"
"E01031344","E02006539","Adur 006","Adur 006A","U87478","Lancing and Sompting PCN"
"E01031384","E02006559","Arun 018","Arun 018E","U08235","Regis Healthcare PCN"
"E01031357","E02006538","Adur 005","Adur 005B","U37037","Shoreham and Southwick PCN"
"E01031346","E02006539","Adur 006","Adur 006B","U87478","Lancing and Sompting PCN"
"E01031369","E02006538","Adur 005","Adur 005E","U37037","Shoreham and Southwick PCN"
"E01031368","E02006538","Adur 005","Adur 005D","U37037","Shoreham and Southwick PCN"
"E01031367","E02006535","Adur 002","Adur 002E","U37037","Shoreham and Southwick PCN"
"E01031372","E02006537","Adur 004","Adur 004E","U37037","Shoreham and Southwick PCN"
"E01031370","E02006534","Adur 001","Adur 001E","U37037","Shoreham and Southwick PCN"
"E01031371","E02006537","Adur 004","Adur 004D","U37037","Shoreham and Southwick PCN"
"E01031375","E02006537","Adur 004","Adur 004G","U37037","Shoreham and Southwick PCN"
"E01031374","E02006534","Adur 001","Adur 001F","U37037","Shoreham and Southwick PCN"
"E01031373","E02006537","Adur 004","Adur 004F","U37037","Shoreham and Southwick PCN"
"E01031348","E02006537","Adur 004","Adur 004B","U37037","Shoreham and Southwick PCN"
"E01031347","E02006537","Adur 004","Adur 004A","U37037","Shoreham and Southwick PCN"
"E01031349","E02006534","Adur 001","Adur 001A","U37037","Shoreham and Southwick PCN"
"E01031339","E02006535","Adur 002","Adur 002B","U37037","Shoreham and Southwick PCN"
"E01031338","E02006535","Adur 002","Adur 002A","U37037","Shoreham and Southwick PCN"
"E01031340","E02006535","Adur 002","Adur 002C","U37037","Shoreham and Southwick PCN"
"E01031342","E02006541","Adur 008","Adur 008B","U87478","Lancing and Sompting PCN"
"E01031341","E02006541","Adur 008","Adur 008A","U87478","Lancing and Sompting PCN"
"E01031343","E02006541","Adur 008","Adur 008C","U87478","Lancing and Sompting PCN"
"E01031345","E02006536","Adur 003","Adur 003A","U87478","Lancing and Sompting PCN"
"E01031358","E02006540","Adur 007","Adur 007A","U87478","Lancing and Sompting PCN"
"E01031360","E02006540","Adur 007","Adur 007B","U87478","Lancing and Sompting PCN"
"E01031359","E02006536","Adur 003","Adur 003E","U87478","Lancing and Sompting PCN"
"E01031351","E02006534","Adur 001","Adur 001C","U37037","Shoreham and Southwick PCN"
"E01031352","E02006534","Adur 001","Adur 001D","U37037","Shoreham and Southwick PCN"
"E01031361","E02006539","Adur 006","Adur 006C","U87478","Lancing and Sompting PCN"
"E01031362","E02006539","Adur 006","Adur 006D","U87478","Lancing and Sompting PCN"
"E01031363","E02006539","Adur 006","Adur 006E","U87478","Lancing and Sompting PCN"
"E01031366","E02006537","Adur 004","Adur 004C","U37037","Shoreham and Southwick PCN"
"E01031350","E02006534","Adur 001","Adur 001B","U37037","Shoreham and Southwick PCN"
"E01031353","E02006536","Adur 003","Adur 003B","U87478","Lancing and Sompting PCN"
"E01031354","E02006536","Adur 003","Adur 003C","U87478","Lancing and Sompting PCN"
"E01031355","E02006536","Adur 003","Adur 003D","U87478","Lancing and Sompting PCN"
"E01031439","E02006554","Arun 013","Arun 013C","U08235","Regis Healthcare PCN"
"E01031440","E02006554","Arun 013","Arun 013D","U08235","Regis Healthcare PCN"
"E01031438","E02006554","Arun 013","Arun 013B","U08235","Regis Healthcare PCN"
"E01031442","E02006555","Arun 014","Arun 014E","U08235","Regis Healthcare PCN"
"E01031444","E02006557","Arun 016","Arun 016B","U08235","Regis Healthcare PCN"
"E01031441","E02006555","Arun 014","Arun 014D","U08235","Regis Healthcare PCN"
"E01031443","E02006557","Arun 016","Arun 016A","U08235","Regis Healthcare PCN"
"E01031447","E02006560","Arun 019","Arun 019D","U08235","Regis Healthcare PCN"
"E01031392","E02006542","Arun 001","Arun 001C","U08235","Regis Healthcare PCN"
"E01031415","E02006546","Arun 005","Arun 005D","U21339","Arun Integrated Care (AIC) PCN"
"E01031449","E02006560","Arun 019","Arun 019F","U08235","Regis Healthcare PCN"
"E01031448","E02006560","Arun 019","Arun 019E","U08235","Regis Healthcare PCN"
"E01031445","E02006560","Arun 019","Arun 019B","U08235","Regis Healthcare PCN"
"E01031406","E02006553","Arun 012","Arun 012E","U08235","Regis Healthcare PCN"
"E01031446","E02006560","Arun 019","Arun 019C","U08235","Regis Healthcare PCN"
"E01031422","E02006549","Arun 008","Arun 008B","U49536","Coastal and South Downs PCN"
"E01031432","E02006558","Arun 017","Arun 017B","U08235","Regis Healthcare PCN"
"E01031450","E02006557","Arun 016","Arun 016C","U08235","Regis Healthcare PCN"
"E01031431","E02006558","Arun 017","Arun 017A","U08235","Regis Healthcare PCN"
"E01031414","E02006546","Arun 005","Arun 005C","U21339","Arun Integrated Care (AIC) PCN"
"E01031424","E02006549","Arun 008","Arun 008D","U49536","Coastal and South Downs PCN"
"E01031451","E02006557","Arun 016","Arun 016D","U08235","Regis Healthcare PCN"
"E01031396","E02006544","Arun 003","Arun 003D","U08235","Regis Healthcare PCN"
"E01031402","E02006553","Arun 012","Arun 012B","U08235","Regis Healthcare PCN"
"E01031395","E02006544","Arun 003","Arun 003C","U08235","Regis Healthcare PCN"
"E01031423","E02006549","Arun 008","Arun 008C","U49536","Coastal and South Downs PCN"
"E01031453","E02006558","Arun 017","Arun 017F","U08235","Regis Healthcare PCN"
"E01031383","E02006559","Arun 018","Arun 018D","U08235","Regis Healthcare PCN"
"E01031452","E02006557","Arun 016","Arun 016E","U08235","Regis Healthcare PCN"
"E01031412","E02006549","Arun 008","Arun 008A","U21339","Arun Integrated Care (AIC) PCN"
"E01031401","E02006553","Arun 012","Arun 012A","U08235","Regis Healthcare PCN"
"E01031397","E02006544","Arun 003","Arun 003E","U08235","Regis Healthcare PCN"
"E01031393","E02006544","Arun 003","Arun 003A","U08235","Regis Healthcare PCN"
"E01031394","E02006544","Arun 003","Arun 003B","U08235","Regis Healthcare PCN"
"E01031400","E02006552","Arun 011","Arun 011A","U21339","Arun Integrated Care (AIC) PCN"
"E01031399","E02006550","Arun 009","Arun 009B","U21339","Arun Integrated Care (AIC) PCN"
"E01031398","E02006550","Arun 009","Arun 009A","U21339","Arun Integrated Care (AIC) PCN"
"E01031404","E02006555","Arun 014","Arun 014A","U08235","Regis Healthcare PCN"
"E01031403","E02006553","Arun 012","Arun 012C","U08235","Regis Healthcare PCN"
"E01031405","E02006553","Arun 012","Arun 012D","U08235","Regis Healthcare PCN"
"E01031434","E02006555","Arun 014","Arun 014C","U08235","Regis Healthcare PCN"
"E01031433","E02006555","Arun 014","Arun 014B","U08235","Regis Healthcare PCN"
"E01031413","E02006551","Arun 010","Arun 010B","U21339","Arun Integrated Care (AIC) PCN"
"E01031437","E02006558","Arun 017","Arun 017E","U08235","Regis Healthcare PCN"
"E01031436","E02006558","Arun 017","Arun 017D","U08235","Regis Healthcare PCN"
"E01031435","E02006558","Arun 017","Arun 017C","U08235","Regis Healthcare PCN"
"E01031389","E02006546","Arun 005","Arun 005B","U04748","Angmering Coppice Fitzalan (ACF) PCN"
"E01031411","E02006551","Arun 010","Arun 010A","U21339","Arun Integrated Care (AIC) PCN"
"E01031388","E02006546","Arun 005","Arun 005A","U04748","Angmering Coppice Fitzalan (ACF) PCN"
"E01031387","E02006543","Arun 002","Arun 002B","U04748","Angmering Coppice Fitzalan (ACF) PCN"
"E01031416","E02006556","Arun 015","Arun 015A","U08235","Regis Healthcare PCN"
"E01031417","E02006554","Arun 013","Arun 013A","U08235","Regis Healthcare PCN"
"E01031426","E02006543","Arun 002","Arun 002D","U49536","Coastal and South Downs PCN"
"E01031418","E02006556","Arun 015","Arun 015B","U08235","Regis Healthcare PCN"
"E01031386","E02006543","Arun 002","Arun 002A","U04748","Angmering Coppice Fitzalan (ACF) PCN"
"E01031391","E02006542","Arun 001","Arun 001B","U08235","Regis Healthcare PCN"
"E01031390","E02006542","Arun 001","Arun 001A","U08235","Regis Healthcare PCN"
"E01031456","E02006552","Arun 011","Arun 011D","U04748","Angmering Coppice Fitzalan (ACF) PCN"
"E01031455","E02006550","Arun 009","Arun 009D","U21339","Arun Integrated Care (AIC) PCN"
"E01031454","E02006552","Arun 011","Arun 011C","U04748","Angmering Coppice Fitzalan (ACF) PCN"
"E01031459","E02006546","Arun 005","Arun 005E","U21339","Arun Integrated Care (AIC) PCN"
"E01031457","E02006551","Arun 010","Arun 010C","U04748","Angmering Coppice Fitzalan (ACF) PCN"
"E01031458","E02006551","Arun 010","Arun 010D","U21339","Arun Integrated Care (AIC) PCN"
"E01031425","E02006543","Arun 002","Arun 002C","U49536","Coastal and South Downs PCN"
"E01031408","E02006548","Arun 007","Arun 007B","U21339","Arun Integrated Care (AIC) PCN"
"E01031410","E02006548","Arun 007","Arun 007C","U21339","Arun Integrated Care (AIC) PCN"
"E01031421","E02006556","Arun 015","Arun 015E","U08235","Regis Healthcare PCN"
"E01031419","E02006556","Arun 015","Arun 015C","U08235","Regis Healthcare PCN"
"E01031420","E02006556","Arun 015","Arun 015D","U08235","Regis Healthcare PCN"
"E01031407","E02006548","Arun 007","Arun 007A","U21339","Arun Integrated Care (AIC) PCN"
"E01031429","E02006545","Arun 004","Arun 004B","U04748","Angmering Coppice Fitzalan (ACF) PCN"
"E01031430","E02006545","Arun 004","Arun 004C","U04748","Angmering Coppice Fitzalan (ACF) PCN"
"E01031409","E02006550","Arun 009","Arun 009C","U21339","Arun Integrated Care (AIC) PCN"
"E01031427","E02006545","Arun 004","Arun 004A","U04748","Angmering Coppice Fitzalan (ACF) PCN"
"E01031428","E02006552","Arun 011","Arun 011B","U04748","Angmering Coppice Fitzalan (ACF) PCN"
"E01031468","E02006545","Arun 004","Arun 004E","U04748","Angmering Coppice Fitzalan (ACF) PCN"
"E01031520","E02006563","Chichester 003","Chichester 003B","U33593","Rural North Chichester PCN"
"E01032717","E02006564","Chichester 004","Chichester 004F","U33593","Rural North Chichester PCN"
"E01031469","E02006550","Arun 009","Arun 009F","U04748","Angmering Coppice Fitzalan (ACF) PCN"
"E01031522","E02006574","Chichester 014","Chichester 014A","U24558","Chichester Alliance of Medical Practices PCN"
"E01031503","E02006561","Chichester 001","Chichester 001B","U33593","Rural North Chichester PCN"
"E01031476","E02006569","Chichester 009","Chichester 009B","U24558","Chichester Alliance of Medical Practices PCN"
"E01031523","E02006574","Chichester 014","Chichester 014B","U24558","Chichester Alliance of Medical Practices PCN"
"E01031495","E02006568","Chichester 008","Chichester 008F","U24558","Chichester Alliance of Medical Practices PCN"
"E01031486","E02006568","Chichester 008","Chichester 008C","U24558","Chichester Alliance of Medical Practices PCN"
"E01031502","E02006561","Chichester 001","Chichester 001A","U33593","Rural North Chichester PCN"
"E01031525","E02006574","Chichester 014","Chichester 014D","U24558","Chichester Alliance of Medical Practices PCN"
"E01031494","E02006568","Chichester 008","Chichester 008E","U24558","Chichester Alliance of Medical Practices PCN"
"E01031513","E02006572","Chichester 012","Chichester 012C","U24558","Chichester Alliance of Medical Practices PCN"
"E01031524","E02006574","Chichester 014","Chichester 014C","U24558","Chichester Alliance of Medical Practices PCN"
"E01031487","E02006566","Chichester 006","Chichester 006C","U24558","Chichester Alliance of Medical Practices PCN"
"E01031526","E02006574","Chichester 014","Chichester 014E","U24558","Chichester Alliance of Medical Practices PCN"
"E01031528","E02006574","Chichester 014","Chichester 014G","U24558","Chichester Alliance of Medical Practices PCN"
"E01031527","E02006574","Chichester 014","Chichester 014F","U24558","Chichester Alliance of Medical Practices PCN"
"E01031530","E02006572","Chichester 012","Chichester 012D","U24558","Chichester Alliance of Medical Practices PCN"
"E01031529","E02006573","Chichester 013","Chichester 013D","U24558","Chichester Alliance of Medical Practices PCN"
"E01031533","E02006567","Chichester 007","Chichester 007D","U24558","Chichester Alliance of Medical Practices PCN"
"E01031532","E02006569","Chichester 009","Chichester 009C","U24558","Chichester Alliance of Medical Practices PCN"
"E01031535","E02006569","Chichester 009","Chichester 009E","U24558","Chichester Alliance of Medical Practices PCN"
"E01031534","E02006569","Chichester 009","Chichester 009D","U24558","Chichester Alliance of Medical Practices PCN"
"E01031493","E02006571","Chichester 011","Chichester 011B","U24558","Chichester Alliance of Medical Practices PCN"
"E01031474","E02006571","Chichester 011","Chichester 011A","U24558","Chichester Alliance of Medical Practices PCN"
"E01031467","E02006545","Arun 004","Arun 004D","U04748","Angmering Coppice Fitzalan (ACF) PCN"
"E01031485","E02006566","Chichester 006","Chichester 006B","U24558","Chichester Alliance of Medical Practices PCN"
"E01031475","E02006569","Chichester 009","Chichester 009A","U24558","Chichester Alliance of Medical Practices PCN"
"E01031505","E02006571","Chichester 011","Chichester 011D","U24558","Chichester Alliance of Medical Practices PCN"
"E01031496","E02006571","Chichester 011","Chichester 011C","U24558","Chichester Alliance of Medical Practices PCN"
"E01031498","E02006565","Chichester 005","Chichester 005C","U33593","Rural North Chichester PCN"
"E01031497","E02006564","Chichester 004","Chichester 004A","U33593","Rural North Chichester PCN"
"E01031500","E02006573","Chichester 013","Chichester 013B","U24558","Chichester Alliance of Medical Practices PCN"
"E01031499","E02006573","Chichester 013","Chichester 013A","U24558","Chichester Alliance of Medical Practices PCN"
"E01031501","E02006573","Chichester 013","Chichester 013C","U24558","Chichester Alliance of Medical Practices PCN"
"E01031504","E02006561","Chichester 001","Chichester 001C","U33593","Rural North Chichester PCN"
"E01031463","E02006548","Arun 007","Arun 007E","U21339","Arun Integrated Care (AIC) PCN"
"E01031488","E02006568","Chichester 008","Chichester 008D","U24558","Chichester Alliance of Medical Practices PCN"
"E01031514","E02006565","Chichester 005","Chichester 005D","U33593","Rural North Chichester PCN"
"E01031464","E02006548","Arun 007","Arun 007F","U21339","Arun Integrated Care (AIC) PCN"
"E01031516","E02006565","Chichester 005","Chichester 005F","U33593","Rural North Chichester PCN"
"E01031477","E02006566","Chichester 006","Chichester 006A","U24558","Chichester Alliance of Medical Practices PCN"
"E01031461","E02006550","Arun 009","Arun 009E","U21339","Arun Integrated Care (AIC) PCN"
"E01031460","E02006551","Arun 010","Arun 010E","U21339","Arun Integrated Care (AIC) PCN"
"E01031470","E02006547","Arun 006","Arun 006A","U08235","Regis Healthcare PCN"
"E01031492","E02006572","Chichester 012","Chichester 012B","U24558","Chichester Alliance of Medical Practices PCN"
"E01031490","E02006570","Chichester 010","Chichester 010D","U24558","Chichester Alliance of Medical Practices PCN"
"E01031491","E02006570","Chichester 010","Chichester 010E","U24558","Chichester Alliance of Medical Practices PCN"
"E01031489","E02006572","Chichester 012","Chichester 012A","U24558","Chichester Alliance of Medical Practices PCN"
"E01031471","E02006547","Arun 006","Arun 006B","U08235","Regis Healthcare PCN"
"E01031507","E02006567","Chichester 007","Chichester 007B","U24558","Chichester Alliance of Medical Practices PCN"
"E01031515","E02006565","Chichester 005","Chichester 005E","U33593","Rural North Chichester PCN"
"E01031506","E02006567","Chichester 007","Chichester 007A","U24558","Chichester Alliance of Medical Practices PCN"
"E01031473","E02006547","Arun 006","Arun 006D","U08235","Regis Healthcare PCN"
"E01031472","E02006547","Arun 006","Arun 006C","U08235","Regis Healthcare PCN"
"E01031479","E02006565","Chichester 005","Chichester 005B","U33593","Rural North Chichester PCN"
"E01031462","E02006548","Arun 007","Arun 007D","U21339","Arun Integrated Care (AIC) PCN"
"E01031465","E02006542","Arun 001","Arun 001D","U08235","Regis Healthcare PCN"
"E01031466","E02006544","Arun 003","Arun 003F","U08235","Regis Healthcare PCN"
"E01031478","E02006565","Chichester 005","Chichester 005A","U33593","Rural North Chichester PCN"
"E01031484","E02006570","Chichester 010","Chichester 010C","U24558","Chichester Alliance of Medical Practices PCN"
"E01031480","E02006570","Chichester 010","Chichester 010A","U24558","Chichester Alliance of Medical Practices PCN"
"E01031508","E02006563","Chichester 003","Chichester 003A","U33593","Rural North Chichester PCN"
"E01031509","E02006566","Chichester 006","Chichester 006D","U24558","Chichester Alliance of Medical Practices PCN"
"E01031511","E02006564","Chichester 004","Chichester 004C","U33593","Rural North Chichester PCN"
"E01031512","E02006564","Chichester 004","Chichester 004D","U33593","Rural North Chichester PCN"
"E01031481","E02006570","Chichester 010","Chichester 010B","U24558","Chichester Alliance of Medical Practices PCN"
"E01031483","E02006568","Chichester 008","Chichester 008B","U24558","Chichester Alliance of Medical Practices PCN"
"E01031517","E02006562","Chichester 002","Chichester 002A","U33593","Rural North Chichester PCN"
"E01031482","E02006568","Chichester 008","Chichester 008A","U24558","Chichester Alliance of Medical Practices PCN"
"E01031519","E02006561","Chichester 001","Chichester 001D","U33593","Rural North Chichester PCN"
"E01031518","E02006562","Chichester 002","Chichester 002B","U33593","Rural North Chichester PCN"
"E01031521","E02006563","Chichester 003","Chichester 003C","U33593","Rural North Chichester PCN"
"E01031547","E02006584","Crawley 010","Crawley 010A","U33451","South Crawley PCN"
"E01031555","E02006586","Crawley 012","Crawley 012E","U33451","South Crawley PCN"
"E01031554","E02006586","Crawley 012","Crawley 012D","U33451","South Crawley PCN"
"E01031553","E02006586","Crawley 012","Crawley 012C","U33451","South Crawley PCN"
"E01031531","E02006567","Chichester 007","Chichester 007C","U24558","Chichester Alliance of Medical Practices PCN"
"E01031552","E02006587","Crawley 013","Crawley 013A","U33451","South Crawley PCN"
"E01031600","E02006579","Crawley 005","Crawley 005D","U52694","Crawley Care Collaborative PCN"
"E01031543","E02006567","Chichester 007","Chichester 007E","U24558","Chichester Alliance of Medical Practices PCN"
"E01031562","E02006583","Crawley 009","Crawley 009C","U14816","Healthy Crawley PCN"
"E01031601","E02006578","Crawley 004","Crawley 004D","U52694","Crawley Care Collaborative PCN"
"E01031560","E02006583","Crawley 009","Crawley 009A","U14816","Healthy Crawley PCN"
"E01031571","E02006577","Crawley 003","Crawley 003B","U14816","Healthy Crawley PCN"
"E01031594","E02006579","Crawley 005","Crawley 005C","U14816","Healthy Crawley PCN"
"E01031578","E02006582","Crawley 008","Crawley 008A","U33451","South Crawley PCN"
"E01031583","E02006578","Crawley 004","Crawley 004A","U52694","Crawley Care Collaborative PCN"
"E01031567","E02006580","Crawley 006","Crawley 006D","U52694","Crawley Care Collaborative PCN"
"E01032836","E02006578","Crawley 004","Crawley 004G","U52694","Crawley Care Collaborative PCN"
"E01031561","E02006583","Crawley 009","Crawley 009B","U14816","Healthy Crawley PCN"
"E01031565","E02006580","Crawley 006","Crawley 006B","U33451","South Crawley PCN"
"E01031564","E02006580","Crawley 006","Crawley 006A","U33451","South Crawley PCN"
"E01031566","E02006580","Crawley 006","Crawley 006C","U33451","South Crawley PCN"
"E01031568","E02006580","Crawley 006","Crawley 006E","U14816","Healthy Crawley PCN"
"E01031569","E02006584","Crawley 010","Crawley 010E","U14816","Healthy Crawley PCN"
"E01031570","E02006577","Crawley 003","Crawley 003A","U52694","Crawley Care Collaborative PCN"
"E01031572","E02006577","Crawley 003","Crawley 003C","U14816","Healthy Crawley PCN"
"E01031604","E02006585","Crawley 011","Crawley 011B","U14816","Healthy Crawley PCN"
"E01031590","E02006576","Crawley 002","Crawley 002D","U14816","Healthy Crawley PCN"
"E01031574","E02006575","Crawley 001","Crawley 001B","U52694","Crawley Care Collaborative PCN"
"E01031584","E02006578","Crawley 004","Crawley 004B","U33451","South Crawley PCN"
"E01031593","E02006576","Crawley 002","Crawley 002E","U14816","Healthy Crawley PCN"
"E01031605","E02006585","Crawley 011","Crawley 011C","U14816","Healthy Crawley PCN"
"E01031575","E02006575","Crawley 001","Crawley 001C","U52694","Crawley Care Collaborative PCN"
"E01031592","E02006582","Crawley 008","Crawley 008D","U14816","Healthy Crawley PCN"
"E01031576","E02006575","Crawley 001","Crawley 001D","U52694","Crawley Care Collaborative PCN"
"E01031544","E02006562","Chichester 002","Chichester 002C","U33593","Rural North Chichester PCN"
"E01031585","E02006578","Crawley 004","Crawley 004C","U33451","South Crawley PCN"
"E01031586","E02006576","Crawley 002","Crawley 002A","U14816","Healthy Crawley PCN"
"E01031589","E02006579","Crawley 005","Crawley 005A","U14816","Healthy Crawley PCN"
"E01031588","E02006576","Crawley 002","Crawley 002C","U14816","Healthy Crawley PCN"
"E01031587","E02006576","Crawley 002","Crawley 002B","U52694","Crawley Care Collaborative PCN"
"E01031591","E02006579","Crawley 005","Crawley 005B","U14816","Healthy Crawley PCN"
"E01031573","E02006575","Crawley 001","Crawley 001A","U52694","Crawley Care Collaborative PCN"
"E01031577","E02006575","Crawley 001","Crawley 001E","U52694","Crawley Care Collaborative PCN"
"E01031545","E02006562","Chichester 002","Chichester 002D","U33593","Rural North Chichester PCN"
"E01031606","E02006585","Crawley 011","Crawley 011D","U14816","Healthy Crawley PCN"
"E01031599","E02006581","Crawley 007","Crawley 007D","U52694","Crawley Care Collaborative PCN"
"E01031559","E02006587","Crawley 013","Crawley 013E","U33451","South Crawley PCN"
"E01031598","E02006581","Crawley 007","Crawley 007C","U52694","Crawley Care Collaborative PCN"
"E01031556","E02006587","Crawley 013","Crawley 013B","U33451","South Crawley PCN"
"E01031607","E02006585","Crawley 011","Crawley 011E","U14816","Healthy Crawley PCN"
"E01031609","E02006577","Crawley 003","Crawley 003D","U52694","Crawley Care Collaborative PCN"
"E01031608","E02006581","Crawley 007","Crawley 007E","U52694","Crawley Care Collaborative PCN"
"E01031610","E02006577","Crawley 003","Crawley 003E","U52694","Crawley Care Collaborative PCN"
"E01032835","E02006578","Crawley 004","Crawley 004F","U52694","Crawley Care Collaborative PCN"
"E01031558","E02006587","Crawley 013","Crawley 013D","U33451","South Crawley PCN"
"E01031557","E02006587","Crawley 013","Crawley 013C","U33451","South Crawley PCN"
"E01031595","E02006585","Crawley 011","Crawley 011A","U52694","Crawley Care Collaborative PCN"
"E01031540","E02006573","Chichester 013","Chichester 013E","U24558","Chichester Alliance of Medical Practices PCN"
"E01031536","E02006563","Chichester 003","Chichester 003D","U33593","Rural North Chichester PCN"
"E01031563","E02006583","Crawley 009","Crawley 009D","U14816","Healthy Crawley PCN"
"E01031538","E02006572","Chichester 012","Chichester 012E","U24558","Chichester Alliance of Medical Practices PCN"
"E01031597","E02006581","Crawley 007","Crawley 007B","U52694","Crawley Care Collaborative PCN"
"E01031549","E02006584","Crawley 010","Crawley 010C","U33451","South Crawley PCN"
"E01031551","E02006586","Crawley 012","Crawley 012B","U33451","South Crawley PCN"
"E01031550","E02006584","Crawley 010","Crawley 010D","U33451","South Crawley PCN"
"E01031548","E02006584","Crawley 010","Crawley 010B","U33451","South Crawley PCN"
"E01031546","E02006586","Crawley 012","Crawley 012A","U33451","South Crawley PCN"
"E01031539","E02006572","Chichester 012","Chichester 012F","U24558","Chichester Alliance of Medical Practices PCN"
"E01031579","E02006583","Crawley 009","Crawley 009E","U33451","South Crawley PCN"
"E01031581","E02006582","Crawley 008","Crawley 008C","U33451","South Crawley PCN"
"E01031582","E02006583","Crawley 009","Crawley 009F","U33451","South Crawley PCN"
"E01031596","E02006581","Crawley 007","Crawley 007A","U52694","Crawley Care Collaborative PCN"
"E01031580","E02006582","Crawley 008","Crawley 008B","U33451","South Crawley PCN"
"E01031542","E02006573","Chichester 013","Chichester 013G","U24558","Chichester Alliance of Medical Practices PCN"
"E01031541","E02006573","Chichester 013","Chichester 013F","U24558","Chichester Alliance of Medical Practices PCN"
"E01031603","E02006579","Crawley 005","Crawley 005E","U52694","Crawley Care Collaborative PCN"
"E01031639","E02006595","Horsham 008","Horsham 008A","U26939","Horsham Central PCN"
"E01031640","E02006595","Horsham 008","Horsham 008B","U26939","Horsham Central PCN"
"E01031630","E02006600","Horsham 013","Horsham 013B","U57981","Chanctonbury PCN"
"E01031672","E02006591","Horsham 004","Horsham 004E","U26939","Horsham Central PCN"
"E01031679","E02006595","Horsham 008","Horsham 008E","U96386","Horsham Collaborative PCN"
"E01031641","E02006601","Horsham 014","Horsham 014B","U57981","Chanctonbury PCN"
"E01031643","E02006601","Horsham 014","Horsham 014D","U57981","Chanctonbury PCN"
"E01031642","E02006601","Horsham 014","Horsham 014C","U57981","Chanctonbury PCN"
"E01031645","E02006589","Horsham 002","Horsham 002B","U26939","Horsham Central PCN"
"E01031644","E02006589","Horsham 002","Horsham 002A","U26939","Horsham Central PCN"
"E01031646","E02006589","Horsham 002","Horsham 002C","U26939","Horsham Central PCN"
"E01031647","E02006589","Horsham 002","Horsham 002D","U26939","Horsham Central PCN"
"E01031658","E02006590","Horsham 003","Horsham 003D","U26939","Horsham Central PCN"
"E01031618","E02006601","Horsham 014","Horsham 014A","U57981","Chanctonbury PCN"
"E01031650","E02006589","Horsham 002","Horsham 002F","U26939","Horsham Central PCN"
"E01031648","E02006590","Horsham 003","Horsham 003B","U26939","Horsham Central PCN"
"E01031649","E02006589","Horsham 002","Horsham 002E","U26939","Horsham Central PCN"
"E01031631","E02006600","Horsham 013","Horsham 013C","U57981","Chanctonbury PCN"
"E01031680","E02006596","Horsham 009","Horsham 009C","U96386","Horsham Collaborative PCN"
"E01031619","E02006594","Horsham 007","Horsham 007A","U26939","Horsham Central PCN"
"E01031661","E02006595","Horsham 008","Horsham 008D","U03364","Haywards Heath Villages PCN"
"E01031620","E02006590","Horsham 003","Horsham 003A","U26939","Horsham Central PCN"
"E01031681","E02006596","Horsham 009","Horsham 009D","U96386","Horsham Collaborative PCN"
"E01031670","E02006588","Horsham 001","Horsham 001A","U26939","Horsham Central PCN"
"E01031682","E02006596","Horsham 009","Horsham 009E","U96386","Horsham Collaborative PCN"
"E01031628","E02006602","Horsham 015","Horsham 015D","U57981","Chanctonbury PCN"
"E01031626","E02006600","Horsham 013","Horsham 013A","U57981","Chanctonbury PCN"
"E01031627","E02006599","Horsham 012","Horsham 012C","U57981","Chanctonbury PCN"
"E01031632","E02006598","Horsham 011","Horsham 011A","U96386","Horsham Collaborative PCN"
"E01031634","E02006598","Horsham 011","Horsham 011C","U96386","Horsham Collaborative PCN"
"E01031633","E02006598","Horsham 011","Horsham 011B","U96386","Horsham Collaborative PCN"
"E01031635","E02006598","Horsham 011","Horsham 011D","U57981","Chanctonbury PCN"
"E01031637","E02006594","Horsham 007","Horsham 007B","U26939","Horsham Central PCN"
"E01031636","E02006593","Horsham 006","Horsham 006A","U26939","Horsham Central PCN"
"E01031638","E02006594","Horsham 007","Horsham 007C","U26939","Horsham Central PCN"
"E01031683","E02006596","Horsham 009","Horsham 009F","U96386","Horsham Collaborative PCN"
"E01031651","E02006590","Horsham 003","Horsham 003C","U26939","Horsham Central PCN"
"E01031660","E02006595","Horsham 008","Horsham 008C","U96386","Horsham Collaborative PCN"
"E01031671","E02006588","Horsham 001","Horsham 001B","U26939","Horsham Central PCN"
"E01031678","E02006596","Horsham 009","Horsham 009B","U96386","Horsham Collaborative PCN"
"E01031677","E02006596","Horsham 009","Horsham 009A","U96386","Horsham Collaborative PCN"
"E01031673","E02006588","Horsham 001","Horsham 001C","U26939","Horsham Central PCN"
"E01031675","E02006592","Horsham 005","Horsham 005D","U96386","Horsham Collaborative PCN"
"E01031674","E02006592","Horsham 005","Horsham 005C","U96386","Horsham Collaborative PCN"
"E01031676","E02006588","Horsham 001","Horsham 001D","U26939","Horsham Central PCN"
"E01031656","E02006593","Horsham 006","Horsham 006D","U26939","Horsham Central PCN"
"E01031687","E02006601","Horsham 014","Horsham 014E","U57981","Chanctonbury PCN"
"E01031652","E02006593","Horsham 006","Horsham 006B","U26939","Horsham Central PCN"
"E01031653","E02006593","Horsham 006","Horsham 006C","U26939","Horsham Central PCN"
"E01031685","E02006603","Horsham 016","Horsham 016D","U57981","Chanctonbury PCN"
"E01031622","E02006602","Horsham 015","Horsham 015A","U57981","Chanctonbury PCN"
"E01031612","E02006597","Horsham 010","Horsham 010B","U57981","Chanctonbury PCN"
"E01031665","E02006600","Horsham 013","Horsham 013F","U33593","Rural North Chichester PCN"
"E01031624","E02006602","Horsham 015","Horsham 015B","U57981","Chanctonbury PCN"
"E01031615","E02006597","Horsham 010","Horsham 010E","U57981","Chanctonbury PCN"
"E01031654","E02006591","Horsham 004","Horsham 004A","U26939","Horsham Central PCN"
"E01031686","E02006603","Horsham 016","Horsham 016E","U57981","Chanctonbury PCN"
"E01031662","E02006600","Horsham 013","Horsham 013D","U33593","Rural North Chichester PCN"
"E01031664","E02006599","Horsham 012","Horsham 012D","U33593","Rural North Chichester PCN"
"E01031663","E02006600","Horsham 013","Horsham 013E","U33593","Rural North Chichester PCN"
"E01031669","E02006591","Horsham 004","Horsham 004D","U26939","Horsham Central PCN"
"E01031666","E02006589","Horsham 002","Horsham 002G","U26939","Horsham Central PCN"
"E01031668","E02006589","Horsham 002","Horsham 002H","U26939","Horsham Central PCN"
"E01031667","E02006591","Horsham 004","Horsham 004C","U26939","Horsham Central PCN"
"E01031613","E02006597","Horsham 010","Horsham 010C","U57981","Chanctonbury PCN"
"E01031655","E02006591","Horsham 004","Horsham 004B","U26939","Horsham Central PCN"
"E01031625","E02006602","Horsham 015","Horsham 015C","U57981","Chanctonbury PCN"
"E01031611","E02006597","Horsham 010","Horsham 010A","U57981","Chanctonbury PCN"
"E01031614","E02006597","Horsham 010","Horsham 010D","U57981","Chanctonbury PCN"
"E01031623","E02006599","Horsham 012","Horsham 012B","U33593","Rural North Chichester PCN"
"E01031621","E02006599","Horsham 012","Horsham 012A","U33593","Rural North Chichester PCN"
"E01031684","E02006603","Horsham 016","Horsham 016C","U57981","Chanctonbury PCN"
"E01031659","E02006592","Horsham 005","Horsham 005B","U57981","Chanctonbury PCN"
"E01031657","E02006592","Horsham 005","Horsham 005A","U57981","Chanctonbury PCN"
"E01031629","E02006602","Horsham 015","Horsham 015E","U57981","Chanctonbury PCN"
"E01031691","E02006593","Horsham 006","Horsham 006F","U26939","Horsham Central PCN"
"E01031617","E02006603","Horsham 016","Horsham 016B","U57981","Chanctonbury PCN"
"E01031689","E02006590","Horsham 003","Horsham 003E","U26939","Horsham Central PCN"
"E01031616","E02006603","Horsham 016","Horsham 016A","U57981","Chanctonbury PCN"
"E01031688","E02006593","Horsham 006","Horsham 006E","U26939","Horsham Central PCN"
"E01031690","E02006594","Horsham 007","Horsham 007D","U26939","Horsham Central PCN"
"E01031739","E02006607","Mid Sussex 004","Mid Sussex 004D","U80779","East Grinstead PCN"
"E01031740","E02006607","Mid Sussex 004","Mid Sussex 004E","U80779","East Grinstead PCN"
"E01031738","E02006607","Mid Sussex 004","Mid Sussex 004C","U80779","East Grinstead PCN"
"E01031706","E02006616","Mid Sussex 013","Mid Sussex 013B","U06871","Burgess Hill & Villages PCN"
"E01031760","E02006611","Mid Sussex 008","Mid Sussex 008B","U04725","Haywards Heath Central PCN"
"E01031727","E02006610","Mid Sussex 007","Mid Sussex 007D","U03364","Haywards Heath Villages PCN"
"E01031742","E02006604","Mid Sussex 001","Mid Sussex 001F","U80779","East Grinstead PCN"
"E01031743","E02006604","Mid Sussex 001","Mid Sussex 001G","U80779","East Grinstead PCN"
"E01031741","E02006604","Mid Sussex 001","Mid Sussex 001E","U80779","East Grinstead PCN"
"E01031746","E02006620","Mid Sussex 017","Mid Sussex 017C","U06871","Burgess Hill & Villages PCN"
"E01031747","E02006620","Mid Sussex 017","Mid Sussex 017D","U06871","Burgess Hill & Villages PCN"
"E01031748","E02006620","Mid Sussex 017","Mid Sussex 017E","U06871","Burgess Hill & Villages PCN"
"E01031744","E02006620","Mid Sussex 017","Mid Sussex 017A","U06871","Burgess Hill & Villages PCN"
"E01031745","E02006620","Mid Sussex 017","Mid Sussex 017B","U06871","Burgess Hill & Villages PCN"
"E01031697","E02006610","Mid Sussex 007","Mid Sussex 007C","U03364","Haywards Heath Villages PCN"
"E01031719","E02006605","Mid Sussex 002","Mid Sussex 002B","U14816","Healthy Crawley PCN"
"E01031720","E02006605","Mid Sussex 002","Mid Sussex 002C","U14816","Healthy Crawley PCN"
"E01031708","E02006617","Mid Sussex 014","Mid Sussex 014C","U06871","Burgess Hill & Villages PCN"
"E01031698","E02006619","Mid Sussex 016","Mid Sussex 016A","U06871","Burgess Hill & Villages PCN"
"E01031759","E02006612","Mid Sussex 009","Mid Sussex 009B","U04725","Haywards Heath Central PCN"
"E01031710","E02006618","Mid Sussex 015","Mid Sussex 015C","U06871","Burgess Hill & Villages PCN"
"E01031751","E02006612","Mid Sussex 009","Mid Sussex 009A","U04725","Haywards Heath Central PCN"
"E01031729","E02006606","Mid Sussex 003","Mid Sussex 003C","U80779","East Grinstead PCN"
"E01031718","E02006605","Mid Sussex 002","Mid Sussex 002A","U14816","Healthy Crawley PCN"
"E01031749","E02006614","Mid Sussex 011","Mid Sussex 011C","U04725","Haywards Heath Central PCN"
"E01031730","E02006606","Mid Sussex 003","Mid Sussex 003D","U80779","East Grinstead PCN"
"E01031750","E02006614","Mid Sussex 011","Mid Sussex 011D","U03364","Haywards Heath Villages PCN"
"E01031694","E02006609","Mid Sussex 006","Mid Sussex 006A","U03364","Haywards Heath Villages PCN"
"E01031693","E02006610","Mid Sussex 007","Mid Sussex 007B","U03364","Haywards Heath Villages PCN"
"E01031692","E02006610","Mid Sussex 007","Mid Sussex 007A","U03364","Haywards Heath Villages PCN"
"E01031695","E02006606","Mid Sussex 003","Mid Sussex 003A","U80779","East Grinstead PCN"
"E01031696","E02006606","Mid Sussex 003","Mid Sussex 003B","U80779","East Grinstead PCN"
"E01031731","E02006604","Mid Sussex 001","Mid Sussex 001A","U80779","East Grinstead PCN"
"E01031709","E02006617","Mid Sussex 014","Mid Sussex 014D","U06871","Burgess Hill & Villages PCN"
"E01031761","E02006612","Mid Sussex 009","Mid Sussex 009C","U04725","Haywards Heath Central PCN"
"E01031700","E02006615","Mid Sussex 012","Mid Sussex 012B","U06871","Burgess Hill & Villages PCN"
"E01031755","E02006613","Mid Sussex 010","Mid Sussex 010D","U04725","Haywards Heath Central PCN"
"E01031752","E02006613","Mid Sussex 010","Mid Sussex 010A","U04725","Haywards Heath Central PCN"
"E01031753","E02006613","Mid Sussex 010","Mid Sussex 010B","U04725","Haywards Heath Central PCN"
"E01031754","E02006613","Mid Sussex 010","Mid Sussex 010C","U04725","Haywards Heath Central PCN"
"E01031758","E02006611","Mid Sussex 008","Mid Sussex 008A","U04725","Haywards Heath Central PCN"
"E01031757","E02006613","Mid Sussex 010","Mid Sussex 010E","U04725","Haywards Heath Central PCN"
"E01031756","E02006614","Mid Sussex 011","Mid Sussex 011E","U04725","Haywards Heath Central PCN"
"E01031699","E02006615","Mid Sussex 012","Mid Sussex 012A","U06871","Burgess Hill & Villages PCN"
"E01031721","E02006608","Mid Sussex 005","Mid Sussex 005A","U80779","East Grinstead PCN"
"E01031701","E02006615","Mid Sussex 012","Mid Sussex 012C","U06871","Burgess Hill & Villages PCN"
"E01031722","E02006605","Mid Sussex 002","Mid Sussex 002D","U80779","East Grinstead PCN"
"E01031734","E02006604","Mid Sussex 001","Mid Sussex 001D","U80779","East Grinstead PCN"
"E01031732","E02006604","Mid Sussex 001","Mid Sussex 001B","U80779","East Grinstead PCN"
"E01031733","E02006604","Mid Sussex 001","Mid Sussex 001C","U80779","East Grinstead PCN"
"E01031735","E02006606","Mid Sussex 003","Mid Sussex 003E","U80779","East Grinstead PCN"
"E01031736","E02006607","Mid Sussex 004","Mid Sussex 004A","U80779","East Grinstead PCN"
"E01031737","E02006607","Mid Sussex 004","Mid Sussex 004B","U80779","East Grinstead PCN"
"E01031724","E02006608","Mid Sussex 005","Mid Sussex 005C","U80779","East Grinstead PCN"
"E01031711","E02006616","Mid Sussex 013","Mid Sussex 013C","U06871","Burgess Hill & Villages PCN"
"E01031763","E02006614","Mid Sussex 011","Mid Sussex 011F","U04725","Haywards Heath Central PCN"
"E01031713","E02006616","Mid Sussex 013","Mid Sussex 013E","U06871","Burgess Hill & Villages PCN"
"E01032839","E02006612","Mid Sussex 009","Mid Sussex 009G","U04725","Haywards Heath Central PCN"
"E01031725","E02006608","Mid Sussex 005","Mid Sussex 005D","U80779","East Grinstead PCN"
"E01032837","E02006612","Mid Sussex 009","Mid Sussex 009E","U04725","Haywards Heath Central PCN"
"E01031723","E02006608","Mid Sussex 005","Mid Sussex 005B","U80779","East Grinstead PCN"
"E01031712","E02006616","Mid Sussex 013","Mid Sussex 013D","U06871","Burgess Hill & Villages PCN"
"E01031764","E02006609","Mid Sussex 006","Mid Sussex 006B","U03364","Haywards Heath Villages PCN"
"E01031765","E02006609","Mid Sussex 006","Mid Sussex 006C","U04725","Haywards Heath Central PCN"
"E01031766","E02006609","Mid Sussex 006","Mid Sussex 006D","U80779","East Grinstead PCN"
"E01031770","E02006619","Mid Sussex 016","Mid Sussex 016D","U06871","Burgess Hill & Villages PCN"
"E01031771","E02006619","Mid Sussex 016","Mid Sussex 016E","U06871","Burgess Hill & Villages PCN"
"E01031768","E02006620","Mid Sussex 017","Mid Sussex 017F","U06871","Burgess Hill & Villages PCN"
"E01031703","E02006618","Mid Sussex 015","Mid Sussex 015B","U06871","Burgess Hill & Villages PCN"
"E01031704","E02006616","Mid Sussex 013","Mid Sussex 013A","U06871","Burgess Hill & Villages PCN"
"E01031702","E02006618","Mid Sussex 015","Mid Sussex 015A","U06871","Burgess Hill & Villages PCN"
"E01031728","E02006614","Mid Sussex 011","Mid Sussex 011B","U03364","Haywards Heath Villages PCN"
"E01031726","E02006614","Mid Sussex 011","Mid Sussex 011A","U03364","Haywards Heath Villages PCN"
"E01031707","E02006617","Mid Sussex 014","Mid Sussex 014B","U06871","Burgess Hill & Villages PCN"
"E01031705","E02006617","Mid Sussex 014","Mid Sussex 014A","U06871","Burgess Hill & Villages PCN"
"E01031715","E02006618","Mid Sussex 015","Mid Sussex 015D","U06871","Burgess Hill & Villages PCN"
"E01031716","E02006617","Mid Sussex 014","Mid Sussex 014E","U06871","Burgess Hill & Villages PCN"
"E01031714","E02006615","Mid Sussex 012","Mid Sussex 012D","U06871","Burgess Hill & Villages PCN"
"E01031717","E02006617","Mid Sussex 014","Mid Sussex 014F","U06871","Burgess Hill & Villages PCN"
"E01031828","E02006621","Worthing 001","Worthing 001D","U49536","Coastal and South Downs PCN"
"E01031829","E02006621","Worthing 001","Worthing 001E","U49536","Coastal and South Downs PCN"
"E01031831","E02006629","Worthing 009","Worthing 009B","U01092","Cissbury Integrated Care PCN"
"E01031834","E02006629","Worthing 009","Worthing 009E","U01092","Cissbury Integrated Care PCN"
"E01031833","E02006629","Worthing 009","Worthing 009D","U01092","Cissbury Integrated Care PCN"
"E01031832","E02006629","Worthing 009","Worthing 009C","U01092","Cissbury Integrated Care PCN"
"E01031835","E02006631","Worthing 011","Worthing 011E","U01092","Cissbury Integrated Care PCN"
"E01031838","E02006627","Worthing 007","Worthing 007D","U13952","Central Worthing Practices PCN"
"E01031823","E02006624","Worthing 004","Worthing 004D","U13952","Central Worthing Practices PCN"
"E01031784","E02006627","Worthing 007","Worthing 007B","U01092","Cissbury Integrated Care PCN"
"E01031795","E02006623","Worthing 003","Worthing 003C","U49536","Coastal and South Downs PCN"
"E01031839","E02006622","Worthing 002","Worthing 002E","U13952","Central Worthing Practices PCN"
"E01031836","E02006627","Worthing 007","Worthing 007C","U13952","Central Worthing Practices PCN"
"E01031837","E02006628","Worthing 008","Worthing 008E","U13952","Central Worthing Practices PCN"
"E01031840","E02006627","Worthing 007","Worthing 007E","U13952","Central Worthing Practices PCN"
"E01031804","E02006633","Worthing 013","Worthing 013C","U01092","Cissbury Integrated Care PCN"
"E01031808","E02006631","Worthing 011","Worthing 011D","U01092","Cissbury Integrated Care PCN"
"E01031786","E02006626","Worthing 006","Worthing 006C","U01092","Cissbury Integrated Care PCN"
"E01031805","E02006633","Worthing 013","Worthing 013D","U49536","Coastal and South Downs PCN"
"E01031822","E02006622","Worthing 002","Worthing 002A","U13952","Central Worthing Practices PCN"
"E01031782","E02006627","Worthing 007","Worthing 007A","U01092","Cissbury Integrated Care PCN"
"E01031809","E02006630","Worthing 010","Worthing 010C","U01092","Cissbury Integrated Care PCN"
"E01031803","E02006633","Worthing 013","Worthing 013B","U49536","Coastal and South Downs PCN"
"E01031783","E02006626","Worthing 006","Worthing 006A","U01092","Cissbury Integrated Care PCN"
"E01031785","E02006626","Worthing 006","Worthing 006B","U01092","Cissbury Integrated Care PCN"
"E01031790","E02006630","Worthing 010","Worthing 010A","U01092","Cissbury Integrated Care PCN"
"E01031787","E02006631","Worthing 011","Worthing 011A","U01092","Cissbury Integrated Care PCN"
"E01031789","E02006631","Worthing 011","Worthing 011C","U01092","Cissbury Integrated Care PCN"
"E01031788","E02006631","Worthing 011","Worthing 011B","U01092","Cissbury Integrated Care PCN"
"E01031791","E02006628","Worthing 008","Worthing 008A","U01092","Cissbury Integrated Care PCN"
"E01031793","E02006621","Worthing 001","Worthing 001A","U49536","Coastal and South Downs PCN"
"E01031792","E02006623","Worthing 003","Worthing 003A","U49536","Coastal and South Downs PCN"
"E01031794","E02006623","Worthing 003","Worthing 003B","U49536","Coastal and South Downs PCN"
"E01031767","E02006619","Mid Sussex 016","Mid Sussex 016B","U06871","Burgess Hill & Villages PCN"
"E01031824","E02006624","Worthing 004","Worthing 004E","U13952","Central Worthing Practices PCN"
"E01031814","E02006632","Worthing 012","Worthing 012C","U01092","Cissbury Integrated Care PCN"
"E01031816","E02006632","Worthing 012","Worthing 012E","U01092","Cissbury Integrated Care PCN"
"E01031769","E02006619","Mid Sussex 016","Mid Sussex 016C","U06871","Burgess Hill & Villages PCN"
"E01031813","E02006632","Worthing 012","Worthing 012B","U01092","Cissbury Integrated Care PCN"
"E01031799","E02006628","Worthing 008","Worthing 008C","U13952","Central Worthing Practices PCN"
"E01031798","E02006625","Worthing 005","Worthing 005E","U13952","Central Worthing Practices PCN"
"E01031800","E02006624","Worthing 004","Worthing 004C","U13952","Central Worthing Practices PCN"
"E01031796","E02006628","Worthing 008","Worthing 008B","U13952","Central Worthing Practices PCN"
"E01031801","E02006628","Worthing 008","Worthing 008D","U13952","Central Worthing Practices PCN"
"E01031797","E02006624","Worthing 004","Worthing 004B","U13952","Central Worthing Practices PCN"
"E01031806","E02006633","Worthing 013","Worthing 013E","U01092","Cissbury Integrated Care PCN"
"E01031778","E02006624","Worthing 004","Worthing 004A","U13952","Central Worthing Practices PCN"
"E01031821","E02006621","Worthing 001","Worthing 001C","U49536","Coastal and South Downs PCN"
"E01031780","E02006625","Worthing 005","Worthing 005C","U13952","Central Worthing Practices PCN"
"E01031820","E02006621","Worthing 001","Worthing 001B","U49536","Coastal and South Downs PCN"
"E01031779","E02006629","Worthing 009","Worthing 009A","U13952","Central Worthing Practices PCN"
"E01031812","E02006632","Worthing 012","Worthing 012A","U01092","Cissbury Integrated Care PCN"
"E01031781","E02006625","Worthing 005","Worthing 005D","U13952","Central Worthing Practices PCN"
"E01031775","E02006611","Mid Sussex 008","Mid Sussex 008F","U03364","Haywards Heath Villages PCN"
"E01031773","E02006611","Mid Sussex 008","Mid Sussex 008D","U03364","Haywards Heath Villages PCN"
"E01031772","E02006611","Mid Sussex 008","Mid Sussex 008C","U03364","Haywards Heath Villages PCN"
"E01031774","E02006611","Mid Sussex 008","Mid Sussex 008E","U03364","Haywards Heath Villages PCN"
"E01032838","E02006612","Mid Sussex 009","Mid Sussex 009F","U04725","Haywards Heath Central PCN"
"E01031776","E02006625","Worthing 005","Worthing 005A","U13952","Central Worthing Practices PCN"
"E01031802","E02006633","Worthing 013","Worthing 013A","U49536","Coastal and South Downs PCN"
"E01031777","E02006625","Worthing 005","Worthing 005B","U13952","Central Worthing Practices PCN"
"E01031810","E02006630","Worthing 010","Worthing 010D","U01092","Cissbury Integrated Care PCN"
"E01031811","E02006630","Worthing 010","Worthing 010E","U01092","Cissbury Integrated Care PCN"
"E01031807","E02006630","Worthing 010","Worthing 010B","U01092","Cissbury Integrated Care PCN"
"E01031825","E02006622","Worthing 002","Worthing 002B","U49536","Coastal and South Downs PCN"
"E01031815","E02006632","Worthing 012","Worthing 012D","U01092","Cissbury Integrated Care PCN"
"E01031830","E02006623","Worthing 003","Worthing 003E","U49536","Coastal and South Downs PCN"
"E01031826","E02006622","Worthing 002","Worthing 002C","U13952","Central Worthing Practices PCN"
"E01031827","E02006622","Worthing 002","Worthing 002D","U13952","Central Worthing Practices PCN"
"E01031819","E02006626","Worthing 006","Worthing 006E","U49536","Coastal and South Downs PCN"
"E01031817","E02006626","Worthing 006","Worthing 006D","U49536","Coastal and South Downs PCN"
"E01031818","E02006623","Worthing 003","Worthing 003D","U49536","Coastal and South Downs PCN"
"E01021023","E02004380","Lewes 002","Lewes 002A","U04725","Haywards Heath Central PCN"
"E01021026","E02004380","Lewes 002","Lewes 002B","U06871","Burgess Hill & Villages PCN"
